{
  "idade": 0.0,
  "peso": 0.4014147659919788,
  "altura": 0.5996779718406373,
  "n_days": 0.0003088368792838438,
  "total_exs": 1.668074314456966,
  "lower_count": 0.0035796184266407333,
  "lower_ratio": 0.9997954200630578,
  "lesoes_count": 0.0,
  "comorbidades_count": 0.0,
  "imc": 0.0013470185740741473,
  "has_biset": 0.0,
  "has_triset": 0.0,
  "has_drop": 0.0
}